marker_name,cm_pos,group,bp_pos,chr,display,trait2
"BTR (STP17, STP18, TLI17, TLI18)",NA,Chr07,66140981,7,gwas_qtl,BTR
"BTR (STP17, TLI17)",NA,Chr07,166602183,7,gwas_qtl,BTR
"BTR (STP18, TLI18)",NA,Chr07,167995817,7,gwas_qtl,BTR
"1_BTR (STP17, TLI17)",NA,Chr07,230540646,7,gwas_qtl,BTR
"1_BTR (STP17, TLI17)",NA,Chr07,353992030,7,gwas_qtl,BTR
"BTR (STP18, TLI18)",NA,Chr08,57185788,8,gwas_qtl,BTR
"BTR (STP17, TLI17)",NA,Chr08,77402910,8,gwas_qtl,BTR
"BTR (STP18, TLI18)",NA,Chr14,386756967,14,gwas_qtl,BTR
"BTR (STP17, TLI17)",NA,Chr18,214242119,18,gwas_qtl,BTR
"SHAT (STP17, STP18)",NA,Chr02,204450791,2,gwas_qtl,SHAT
"1_SHAT (STP17, STP18)",NA,Chr02,278677992,2,gwas_qtl,SHAT
"SHAT (STP17, STP18)",NA,Chr03,133897959,3,gwas_qtl,SHAT
"1_SHAT (STP17, STP18)",NA,Chr03,347078225,3,gwas_qtl,SHAT
"SHAT (STP17, TLI17)",NA,Chr06,524746973,6,gwas_qtl,SHAT
"SHAT (STP17, STP18)",NA,Chr09,106857528,9,gwas_qtl,SHAT
"SHAT (STP17, TLI17)",NA,Chr10,436139244,10,gwas_qtl,SHAT
"SHAT (STP17, STP18)",NA,Chr11,228804489,11,gwas_qtl,SHAT
"SHAT (STP17, STP18)",NA,Chr15,454588273,15,gwas_qtl,SHAT
"SHAT (STP17, TLI17, TLI18)",NA,Chr18,40836512,18,gwas_qtl,SHAT
"THRESH (STP18, TLI17)",NA,Chr05,86058515,5,gwas_qtl,THRESH
"THRESH (STP17, STP18, TLI17)",NA,Chr05,156358046,5,gwas_qtl,THRESH
"1_THRESH (STP17, STP18, TLI17)",NA,Chr05,219902957,5,gwas_qtl,THRESH
"THRESH (STP17, TLI17)",NA,Chr06,147094010,6,gwas_qtl,THRESH
"1_THRESH (STP17, TLI17)",NA,Chr06,334530477,6,gwas_qtl,THRESH
"THRESH (STP17, STP18)",NA,Chr06,424161336,6,gwas_qtl,THRESH
"THRESH (STP17, STP18)",NA,Chr18,17030514,18,gwas_qtl,THRESH
"THRESH (STP17, TLI17)",NA,Chr18,165923396,18,gwas_qtl,THRESH
"1_THRESH (STP17, TLI17)",NA,Chr18,291366356,18,gwas_qtl,THRESH